etapa,fecha,metrica,valor_esperado,valor_obtenido,observacion
2,,"tasa de lectura correcta del QR (% escaneos exitosos)","≥95%",,
2,,"duración media del escaneo (segundos)","≤3 s",,
2,,"errores por condición de luz","0 en luz adecuada",,
3,,"registros perdidos por corte de red","0 (reintento automático por diseño)",,
3,,"latencia de sincronización (ms)","<2000 ms",,
3,,"exactitud de acumulación de horas (diferencia horas-QR vs tiempo real)","≈0 (redondeo de minutos)",,
4,,"alerta AMP disparada al 80% (sí/no)","sí (pct_alerta=0.800)",,
4,,"umbral en horas al momento del disparo","umbral_horas × 0.800 del equipo",,
4,,"MTBF calculado con fallas sintéticas","calculable (dato sintético, no representa confiabilidad real)",,
